{"stats":{"minecraft:picked_up":{"minecraft:spruce_leaves":1,"minecraft:bee_spawn_egg":1},"minecraft:custom":{"minecraft:jump":30,"minecraft:time_since_rest":10748,"minecraft:crouch_one_cm":8,"minecraft:damage_dealt":134,"minecraft:leave_game":2,"minecraft:play_time":10748,"minecraft:sprint_one_cm":4925,"minecraft:walk_on_water_one_cm":299,"minecraft:time_since_death":10748,"minecraft:walk_one_cm":5965,"minecraft:sneak_time":10,"minecraft:total_world_time":10748,"minecraft:walk_under_water_one_cm":3357,"minecraft:drop":2,"minecraft:fall_one_cm":267,"minecraft:fly_one_cm":49055},"minecraft:dropped":{"minecraft:bee_spawn_egg":1,"minecraft:spruce_leaves":1},"minecraft:used":{"minecraft:bee_spawn_egg":5,"minecraft:spruce_leaves":5}},"DataVersion":3465}